ID,RSA_wt,RSA_mut,difference,RSA_envt_wt,RSA_envt_mut,difference_envt
63,0.073,0.181,0.108,0.144875,0.15525,0.010375
67,0.238,0.074,0.164,0.174125,0.14425,0.029875
115,0.079,0.205,0.126,0.208625,0.23025,0.021625
178,0.755,0.641,0.114,0.297375,0.254,0.043375
184,0.501,0.304,0.197,0.356125,0.347375,0.00875
213,0.304,0.424,0.12,0.27475,0.301,0.02625
250,0.326,0.221,0.105,0.251875,0.272375,0.0205
256,0.35,0.175,0.175,0.364125,0.3505,0.013625
302,0.508,0.39,0.118,0.45575,0.484,0.02825
308,0.442,0.14,0.302,0.36475,0.315625,0.049125
309,0.558,0.411,0.147,0.49075,0.465125,0.025625
335,0.195,0.378,0.183,0.401625,0.412625,0.011
