ID,agg_wt,agg_mut,difference,agg_envt_wt,agg_envt_mut,difference_envt
1,44.7175,0.0567369,44.6607631,49.06002125,46.69635,2.36367125
14,0,61.1615,61.1615,0,35.3913575,35.3913575
18,0,50.8883,50.8883,13.89805,45.360733375,31.462683375
20,98.8409,0,98.8409,66.63275875,42.1763125,24.45644625
40,0.169925,87.5471,87.377175,7.35275,60.05744625,52.70469625
44,0.420723,39.3971,38.976377,0.503055,21.193654,20.690599
75,47.3172,7.7638,39.5534,27.05248375,5.0826575,21.96982625
86,44.7175,92.0361,47.3186,49.06002125,51.04823125,1.98821
88,70.7339,37.0071,33.7268,84.5011,63.83265,20.66845
90,77.7385,98.5224,20.7839,62.4002975,69.444475,7.0441775
95,1.35946,79.9546,78.59514,0.67973,40.05500075,39.37527075
140,0,78.7324,78.7324,0,55.3366953125,55.3366953125
144,50.1074,83.511,33.4036,63.8992261,52.5552226563,11.3440034437
184,0,54.6529,54.6529,0.16309275,37.284732675,37.121639925
231,41.7386,10.7609,30.9777,28.59887625,7.3697155,21.22916075
250,0,38.8921,38.8921,0,28.99051375,28.99051375
252,0,33.5014,33.5014,9.831225,31.27985,21.448625
266,64.5009,6.9593,57.5416,41.1026475,4.9373975,36.16525
271,0,98.4477,98.4477,30.772606,92.389475,61.616869
296,49.7839,93.3934,43.6095,48.027575,89.847075,41.8195
308,0,23.7222,23.7222,44.868775,50.389118675,5.520343675
312,0.1546,21.0193,20.8647,12.6304925,19.28062375,6.65013125
314,69.0039,12.6966,56.3073,36.5490725,7.2042225,29.34485
332,56.9306,11.4852,45.4454,38.7209,9.18628,29.53462
333,0,49.0871,49.0871,15.7361125,50.183254,34.4471415
