ID,agg_wt,agg_mut,difference,agg_envt_wt,agg_envt_mut,difference_envt
9,50.9712,1.81015,49.16105,31.856979,1.1313432181,30.7256357819
25,84.9716,1.56237,83.40923,57.3439102456,29.81933875,27.5245714956
27,21.4885,43.8497,22.3612,11.002136125,22.07902459,11.076888465
40,0.00169982,21.2395,21.23780018,17.02619562,15.5924377625,1.4337578575
57,78.2945,0,78.2945,57.885,8.95089433,48.93410567
112,63.9904,1.01636,62.97404,39.9936727038,0.6350994963,39.3585732075
120,4.43513,30.391,25.95587,2.22052,15.20255,12.98203
210,16.8437,37.0186,20.1749,9.3877201,18.525402325,9.137682225
250,30.1874,99.9728,69.7854,18.8669777725,62.4830028527,43.6160250802
266,56.553,0.00387343,56.54912657,35.3520121725,0.0409583338,35.3110538387
271,65.7272,0.00348535,65.72371465,41.0716429769,0.0020515708,41.0695914061
289,28.0976,2.98652,25.11108,17.56385,1.87041,15.69344
301,1.60773,32.7307,31.12297,0.8041425,16.3656512556,15.5615087556
316,35.2649,0,35.2649,22.2392302661,0.302292955,21.9369373111
369,0.335685,27.9861,27.650415,0.2205994275,17.4985367625,17.277937335
